Frame,Distance1,Distance2,AngleChange1,AngleChange2,Distance_h1,Distance_h2,Distance_v1,Distance_v2
0,0.0002729575167846423,0.0009935803586486637,1.1086532380115671e-05,8.402067192745524e-05,0.0003571990939550667,0.00012582719804741396,0.03480795871442224,0.07810270468153416
1,0.001172447064959628,0.00024604058069758756,0.00017241595791666947,-4.085935583054432e-05,0.0012343596445408133,9.1552734375e-05,0.010850544107243378,0.03241144954863747
2,0.20759398078589794,0.1946901897716092,0.007442114770101785,-0.03406705882779201,0.2468340879051962,0.15808487228438106,7.684716898416685,0.3778017798544406
3,0.24599373011042217,0.1597865536326384,0.010207615024993077,-0.024905325326017073,0.29331233698941783,0.17876321257347264,0.041526508882232194,0.4292318225407136
4,0.0001220703125,0.0005758045124546267,-4.251528179502594e-06,1.2499073604735207e-05,0.02672902598397291,0.0007143981879101334,0.07773232741963622,0.14790172255159692
5,0.1428880849605197,0.11594035600090351,-0.004189177725673342,0.018956762146972984,0.1700800701909762,0.11309425771409032,0.23810145660737997,0.4753020338013454
6,0.08561133129421071,0.07275482791598462,-0.005605807516024812,0.011440540172653025,0.1196418949783176,0.0805343332895733,0.14183468394229812,0.3059621216916392
7,0.0003712623614683972,0.0001856311807341986,-2.2540083210629838e-05,-2.1959930873888935e-05,0.00048828125,0.0004658306128684615,0.007677949891453543,0.5924069750266697
8,0.0003860202221885229,0.0003712623614683972,3.232764424505316e-05,3.259770675559745e-05,9.1552734375e-05,0.0003712623614683972,0.006405809583313557,0.5992837108478586
9,0.253018661815318,0.31079341291175777,0.014433617910965358,-0.03470164401243792,0.16755783751868786,0.12670745922192397,0.13781965475230695,0.41800705564854773
10,3.6238875927722596,3.692643944062795,-0.42624495843057314,-0.3550502746519371,8.08793902785698,8.461350315606518,0.14428657222622,2.058780802818835
11,0.21915341542226388,0.18800793829857623,-0.019240788970923753,0.03288273354259254,0.15849638766709845,0.10323725013459029,0.18539390846496345,0.4951052090552066
12,0.18656406659118696,0.13835389995565997,-0.01461652902244839,0.02408914460438605,0.11558212326192083,0.07752582139118556,0.09184162941763545,0.3745458555019502
13,0.25704776890553876,0.17315673828125,0.04223144764769583,-0.014668234340835713,0.02918559238073149,0.0002516543960948279,0.0002729575167846423,0.00079345703125
14,8.245568143500684,11.868773194076512,1.2044137611488925,1.9906356622018357,0.03786074256394963,0.0008566692411876342,0.055506851403275125,4.357363813330618
15,0.19619123193971402,0.16875533353801034,-0.025329236500165324,-0.006181252670121484,0.2399469920693208,0.06329867305617151,0.276145024626815,0.16415213225461603
16,5.094119367561716,11.264378455059711,0.8505460805471708,1.955920047582197,8.256192605872156,8.199651717214808,0.004634363046059051,0.19776646138590243
17,0.3179495812714014,0.1450722466933111,-0.050226643693906566,-0.0008442271129815415,0.13061369779164253,0.09668246178547914,0.14408292786920812,0.22716639046804982
18,0.21143706646197394,0.24929798176184143,0.012771309324050907,-0.008175160266480607,0.16086071332974128,0.134349404852679,0.23979905518542852,0.23941123091855723
19,0.6043577768895486,0.000152587890625,-0.10108581748455546,8.091438078058234e-06,0.08821842207089269,0.06858674112412504,0.1235901244905619,0.18540041312940178
20,0.11100548286471458,0.12747537226050268,-0.006815870221971536,-0.021507212022724837,0.14882730448739456,0.06972865921629307,0.3028997477420364,0.21170610340818208
21,0.150206081068831,0.16530146138756938,-0.0047599121418620055,-0.027092209321184474,0.21479347681182503,0.11667195404650844,0.12527548678480727,0.2991929476397214
22,0.11071191875283219,0.023317107295053218,0.0156345397651664,-0.002984156300744461,0.19168873057189642,0.018310546875,0.26116107143246814,0.569903203986528
23,4.533486516838985,5.126811056893512,0.3897394563617323,-0.20288572938588875,0.1527395364616069,0.007222357377036831,7.6178137180973025,7.235426075629295
24,0.1116715871856042,0.05865100606281472,-0.012922795814704825,0.006559330380556519,0.10318987803228813,0.07207485096812181,0.10956742174350666,0.25128570397847205
25,0.1359679177113448,0.19789288193853535,-0.01614080445771286,0.03434549673765944,0.1040237121349209,0.1077941037460599,0.22277223529735643,0.6565935762514191
26,0.07059488283103721,0.11780325921647014,-0.008411655445079396,-0.019551505039188278,0.027853037619884363,3.0517578125e-05,0.09794785310941138,0.402516929613985
27,0.07788872753805084,0.06339331817171481,0.002545022383076901,-0.008433407063022915,0.26516549251095833,0.09768348790830146,0.6933649489589451,0.3739089392164025
28,0.09976298511689734,0.14285307005894413,0.00013396699439360176,-0.021805115622613846,0.1338919397194533,0.14232607994574456,0.000438607249505762,0.12943950807071974
29,0.03222060871035283,0.04670437913922839,0.0053302899562524,0.005359120854405741,0.1159133346196925,0.022399569724625135,0.08444568523532082,0.02713484664044923
30,0.01982327538862473,0.0315325598770743,0.00324766098263411,0.0037397542994330566,0.10213390870645125,0.010932323388824067,0.3714054376968998,0.019544978085571714
31,3.4965242195437494,3.162145253331934,0.4981592004851942,0.019130831394417618,0.14441832435268825,0.20788655082110807,7.6632026642222355,2.8094613773785584
32,0.13962982960751993,0.00013647875839232116,-0.020674549612114807,-1.1359946699127695e-05,0.10622164211084373,0.14022825488068624,0.0009175595934065496,0.27079597851318316
33,0.14721760662608976,0.10705018763524618,-0.000572998161748622,-0.018386809465978645,0.16393995533503164,0.1411299151216362,0.19910667551191616,0.4384190069201526
34,0.18839717833722844,0.1638664169429808,0.002091031801133764,-0.027587233883715732,0.20627038522606228,0.19972268348670832,0.19425134054526902,0.5977280797989599
35,0.01380042539991311,0.01746728175924645,-0.0022700898634206573,-0.003090329265706606,0.015045661221724729,0.0004967901793243319,0.2113497689107344,0.843406413022356
36,0.025448073905201925,0.07320813341014842,-0.003758265383472104,0.011831827470064863,0.02957052538151375,0.00017263349150062197,0.21837548263578663,0.2557185418795797
37,0.18557457968021746,0.19445676258404465,-0.009719837817705008,0.027693207242333068,0.198446828236184,0.05997387407892967,0.3444247601582349,1.0559650471992594
38,0.957432783322271,1.0394683637688258,0.045335680425399795,-0.1745048325855669,8.478344374032016,8.247403221119033,0.21615883064497765,0.7978618719212301
39,9.04803843091671,9.234865811590206,1.2781637051076131,1.5098738783586616,6.103515625e-05,0.00012582719804741396,0.1580964535799189,5.808719700343728
40,0.1883385108205135,0.12354245371618766,0.01099618820608869,-0.020696465238844775,0.18152495772478552,0.11257961042563838,0.155879412890599,0.43750853189595984
41,0.397325952088551,0.2458579451237868,0.028668917745095127,-0.04000755575071068,0.3764038135422789,0.25168413581629323,0.32536144826499397,0.7736117739803477
42,0.0,0.00012582719804741396,0.0,-2.0816769930834517e-05,0.00037251451464031073,0.00013647875839232116,2.6702880859375e-05,0.00017263349150062197
43,0.27719454042466884,0.15508371434360513,-0.02447215138968007,0.023707213547276007,0.2100974770084449,0.13784938335993357,0.25977913300656663,0.48453349934990436
44,0.24599385126113213,0.09331724501143465,-0.022078914126907063,0.014687601813522182,0.1322551173843023,0.10015216831721734,0.1873893753032965,0.4038460332449796
45,0.017701563289001538,0.12173966832183959,-0.002000717581319509,0.018971122867729208,0.25959094527414617,0.00037748159414224185,0.054066202679114356,0.05201846294963249
46,0.8256434290415211,6.241795154306661,0.059488329299334265,1.0918572489346083,8.308014082819387,8.407235928199134,0.16915211671550104,0.09259395303102057
47,0.23716200946645946,0.08933562178195265,0.020693970977865923,-0.013545040482299976,0.19720103840063682,0.0998882056232229,0.09239353382175683,0.5107664755303277
48,0.14420070739911856,0.11408308313763539,0.0008850264068485368,-0.019623865544608557,0.2652032902077154,0.15677293055790728,0.1872084075311911,0.39706892697251583
49,0.19403516795005316,0.0003300980781979971,-0.00962904285980183,-4.5932797198797576e-07,0.00030056328740832837,0.14133301624713873,0.10616683694394626,0.12551891383474892
50,0.1361798291446627,0.24946334728319383,-0.004085838053180305,0.04275882652215729,0.5786110511769001,0.1405463031600252,0.2814833716742024,0.7474418563939106
51,0.09695948946440718,0.03962704875535344,0.016119315290598686,-0.001468419474149197,0.0006133957288281793,0.052008122539355404,0.006588281471155634,0.008535543472270507
52,0.1311773309033071,0.05691865394572033,0.020960276983219617,-0.0033192085417891397,0.000244140625,0.06615130487599945,0.005892057712654153,0.010219151771883166
53,3.3569388988106166,3.610774059225147,0.35760391212183806,-0.07268053958813186,0.1853397744493184,0.0652525553810392,7.766297368146641,8.68993178730022
54,0.23180895216863198,0.24794175518772735,-0.0010377084297689982,-0.03657041834178942,0.22863552827719535,0.0677908278698445,0.4458777958273486,0.3218388650573265
55,0.15472550551417738,0.188052178955082,-0.0031599395949482687,0.03138349648191008,0.21864081322958961,0.1109038180946939,0.24768506730547643,0.49772521833105277
56,0.12267709603506206,0.14796468131464494,-0.004889528449277717,0.022388249510012125,0.15146333655585742,0.06872732048488286,0.16317676786784444,0.2722193696452132
57,0.0001220703125,0.008302800549997436,5.688468114951506e-06,0.00047093284768168003,0.02347769866199829,0.02612418769413171,0.043546947937717136,0.09329941871355682
58,0.0002729575167846423,0.00786554685378783,-3.312222281019797e-05,-0.0004072909095165532,0.022287946521353248,0.00022006538546533137,0.06319098474536443,0.10294336810754205
59,2.8593525755372955,2.901526129454332,0.34799812752120174,-0.0998870863149666,0.23121499621461722,0.10376601705231521,7.884958259558507,0.9215078916051357
60,0.12128699173441916,0.2066567132560456,-0.005553616163996584,-0.020224436281717554,0.24192991132729239,0.12467038386087001,0.25328102898327925,0.17149381198854827
61,0.1260783058171826,0.21966684377603876,-0.01730403595292649,0.03184827608504926,0.20144964688741887,0.1444182630892276,0.16498686808764346,0.6254094332476422
62,0.09349982339286445,0.1526230824896418,-0.013313848221709633,0.022563821004473683,0.1780095982456771,0.11943867798134003,0.12477205498198941,0.5080287179601635
63,0.000244140625,0.05034937981845787,1.1531305157450983e-05,-0.008884734903736851,0.003571990939550667,0.000244140625,0.16559925322219232,0.14331866993538597
64,0.00018310546875,0.08983206154629171,-2.8919032982223346e-05,0.008996007125560932,0.003565336144170233,6.103515625e-05,0.16619534091526023,0.1603490088163073
65,0.3737816489735555,0.242025829005745,0.04073961292435212,-0.039814921214407564,0.37354918310220075,0.23206560293201559,0.368915543562475,0.839221140269141
66,0.14865338788375668,0.18514803383299225,0.01777518795819791,-0.012304409276321147,0.13694642047824498,0.07459660390828833,0.10908745649580773,0.2338437815458059
67,14.93424306024678,10.572102386339132,1.9728900136118717,1.608836847083952,8.857433271979051,8.208631014666716,0.23776373867767903,6.373533656731577
68,0.12108519739281327,0.1334755698265649,-0.015908424236478088,0.01965894973186659,0.1845499789426128,0.08767557325570055,0.2338793631225238,0.35578494104808644
69,0.06294201475010398,0.10098489785977594,-0.009612903126988955,0.01179402550290263,0.10092934531968742,0.04538357890094814,0.16636467665526464,0.29822107751228444
70,0.06956275590470808,0.06244112012915137,0.004590222204014702,-0.010209528488330857,0.07828650470236789,0.05953844187189923,0.09229390573401344,0.19901838698637808
71,0.09581407616121992,0.07359050577549213,0.0072923158775682895,-0.012177637228005009,0.131028326058101,0.07327743318008212,0.08246909632569341,0.1854550586200778
72,0.20105573394129528,0.14842154078270758,0.013709687606450352,-0.025354151776907783,0.11658188176157488,0.1711636937021789,0.2901535843201626,0.4448868616341723
73,0.00017263349150062197,0.000213623046875,2.6148698826521476e-05,-1.9826172689740857e-05,0.14800409992441643,0.00026074230179802034,0.004761416130780631,0.00032868437543545555
74,4.7216127680836255,9.533029628746597,0.687377079824517,-1.637152736355593,8.55922351473002,8.46109499657064,0.1836077994443348,0.13050840768732602
75,0.3055935860697873,0.06111813816997397,-0.03631595377275068,0.009214589147904842,0.2501721981190165,0.15725514643742694,0.156008189547084,0.27571823032256243
76,5.63606812977724,7.988951465359957,0.4967891262343781,-0.7426795162900652,0.21810652615337062,0.15059326193643938,0.06729238816264545,6.569660692224687
77,0.009412088147559197,0.1446793931086425,-0.0007683210737501728,-0.010623654592523492,0.15590905005000677,0.14311921638980177,0.09538296046666568,0.5882789241952502
78,0.05180777531422981,0.17407046794631884,0.0021989631939016378,-0.01606121966426712,0.1953031180035764,0.16700055564303246,0.16174082920800392,0.6581817193328512
79,0.0018802394776305375,0.11432880250324175,3.6301707209566736e-05,-0.017980780769230872,0.010201501904151498,0.127193589990266,0.0939733142352504,0.16109026722884848
80,0.21747507945981379,0.22767708648336302,0.03178459036168588,0.0016671192856358762,0.09018541242076225,0.08589596177957463,0.18534192401503352,0.13973388191996938
81,2.7131405139245355,2.8733523353621733,-0.2992416525216747,0.07502888503516981,0.0073000190218586196,0.07093632318974194,7.35877950514841,0.07054491836690212
82,0.7106248042157524,0.5201268197362765,-0.0691603079698,0.04429754860575121,0.21268799307693442,0.21104566352879495,0.49114197898781875,0.4340377630568647
83,0.16110128614482336,0.12005048931439959,0.0011548708061197002,-0.02104552744803218,0.2670996366027124,0.18978463496621142,0.34393210831914783,0.43396264355738395
84,0.15135640751999468,0.1248289256371628,0.008069037916480816,-0.02198916919077766,0.17050179364919396,0.07187796695431967,0.1960188439458439,0.40343767356721083
85,0.1967167914961931,0.16188995322180236,0.014193338503570532,-0.028638829814967393,0.23896354952431711,0.13412514470622316,0.3060913899424912,0.5284501408046929
86,0.1847652334487347,0.14848729916988582,-0.013433244360828694,0.024397401320080222,0.16518094662206856,0.146799638365864,0.2931922293703676,0.5136222996739388
87,0.1409566597486339,0.11681427730297111,-0.008034685210525631,0.01766396473632367,0.13077116598085242,0.10865866295546463,0.22493354841354102,0.3981108775920293
88,0.2796519563242796,0.23275147636766866,0.01735050460355012,-0.030244829935842935,0.13762798421813607,0.12241397927753897,0.31849518498477314,0.6896080972200066
89,3.09004727077919,2.9494464042726345,0.3379400128899911,0.020216997239397422,0.11514039571648405,0.10979945129942939,7.793338864116537,0.9956138670353366
90,0.24257838330585285,0.20434944030917482,0.004578998027978248,-0.036514980711267665,0.2933231054506573,0.32485222259314606,0.4709832460512637,1.425456692060163
91,0.0002516543960948279,0.0005627163365046928,-4.224862814573927e-06,-3.70498759509244e-05,0.007852689368008902,0.0024869485756688643,0.000213017627582449,0.22019580327375696
92,0.0004443426446094066,0.000518798828125,5.967038731402011e-05,-9.814768275223904e-06,0.015237900741664931,0.06709194291119375,0.0001324886702485066,0.08185931761714689
93,0.15338610798453822,0.07233528697397741,-0.012003041342153443,-0.010366798756356693,0.1909729690549196,0.12222835609556193,0.2669449226496898,0.3831496213994974
94,0.119132244878499,0.08135381906527128,-0.008674540068204764,-0.013042337629331782,0.15057416652187983,0.09474862716738357,0.20412106629690066,0.6436777098583731
95,0.22439704478573774,0.21947477749590985,-0.027944481661821983,0.03883779563326379,0.07669516086165083,0.09988149703244534,0.052185015232224324,0.06824737638279468
96,0.22242414356089102,0.2746641234713488,-0.023162602912934833,-0.04668623016516229,8.195790418096177,8.64859193834778,0.05154733382865955,0.08185861223320172
97,0.1079130733320104,0.1653264832847309,0.003616964832840924,-0.026133331160447654,0.16046104561697935,0.10407910292577903,0.15322091786820446,0.572419874865397
98,0.15805673301677578,0.20579204046232885,0.007706890977335266,-0.03263290406376095,0.21362505448624156,0.15498157878206587,0.259829832778569,0.5735124051858874
99,0.08592737745143057,0.10509049172643527,-0.009840191274627045,0.018786245469263912,0.13838737478032623,0.11159513894308759,0.18185386271179058,0.4978328619011706
100,0.0760062936699115,0.07556604054496342,-0.009366701536824616,0.01250957697475252,0.09811631076906116,0.0709736784714885,0.14358097276926124,0.3862927383014969
101,0.2284473496517108,0.24043845409397868,0.036859015922217374,-0.0009013332386731983,0.2738037721631292,0.10099528174220522,0.05122391851567781,0.18381828416325166
102,15.757683044326424,10.57952905177836,2.1490771435640825,1.6128309118293245,0.2247677534902254,0.08873481113456298,0.02420498130674013,6.46784514655694
103,2.2573152740387115,11.40398496582478,0.2420116012145848,2.0037910196050213,8.824405725599766,8.607772038010753,0.18634496200318518,0.35492037824667383
104,0.6896977220381856,0.2908555380967503,0.08614522073738645,-0.008692019118154285,0.24792925418859768,0.22660248707722583,0.24404434931393382,0.35942376365707684
105,1.3132676096632752,1.4605966733965554,0.16278614865831278,0.03133109246754772,0.1884498700823188,0.15870417616889376,0.14845561870620114,0.1760222584185179
106,0.08736399656463886,0.07112848800803531,-0.01282413225312996,-0.006805212763955528,0.3193138607804973,0.11082835284927246,0.1984405769837982,0.51506976736617
107,0.016100907632169877,0.1111075617323477,4.803556715280918e-05,0.018279990840808273,0.00013647875839232116,0.09675810744941735,0.11453466422198612,0.06776565485085712
108,0.013658926145099077,0.08014852639031717,-0.0012526560783360104,0.013351416793312813,0.00011003269273266568,0.09396466870669243,0.0767360468643536,0.03392286543979411
109,0.5538382173679539,0.5681226481505983,0.061471502837904514,-0.06811202988775983,0.16264128743975984,0.1075090271533459,0.2593167247878655,0.3956571508966332
110,2.0706720516792867,1.8672550941845616,0.21109833747424903,0.032922352531993854,0.23918836909313912,0.16035761618483654,7.729965613715563,10.174020729138544
111,0.25787659773051963,0.10755340586519575,-0.02590696874184279,0.010902673757689947,0.1714323694884821,0.12949274042854383,0.12329357541505735,0.5756593040667757
112,0.21928569221590774,0.08902272561840267,-0.02133889153433956,0.005687992592663746,0.10718419917949233,0.07691081185976664,0.07881935452709325,0.2892812468252752
113,0.08786629234028252,0.0626190735098031,-0.0030280680336973753,0.00866121059541309,0.15733384979623027,0.06101586609229837,0.23639332316660944,0.5827892571127851
114,0.0692207830832301,0.05782697760529277,-0.001954807292429109,0.0055345990708572665,0.11735738916917385,0.03757715285425674,0.11197430303979108,0.4152178435385709
115,0.2894012489628187,0.1675652964779082,0.017844522663112143,-0.02633683116632846,0.21436670617124925,0.09839700611492361,0.3524786702321535,0.7933763668432583
116,0.35623141625102295,0.17554328759028923,0.023868303549553743,-0.027306920278059577,0.3183866676380042,0.1545164290602142,0.27921329428119673,1.0695855620103663
117,3.277074946040927,3.1127096785827613,0.37451256331144916,0.02395183041834792,0.0,0.000152587890625,7.87691115720313,1.879902193043869
118,0.2686936452464104,0.11267964338460308,-0.020654409698236217,0.006880224531032177,0.28954512186936476,0.13883956991343133,0.38418026257757604,0.6892900057825133
119,0.12629931895845634,0.1040891423429569,-0.00040604054673754373,0.018366467560851304,0.054247903008188686,0.09198676921494847,0.23811499306503456,0.5864258320702778
120,0.10561539027837004,0.07780307365105057,-0.0012938574315653991,0.013959929550671818,0.17663671233590267,0.09255854162088743,0.14598406080318446,0.4817081530924559
121,0.20500422463192713,0.120731257274367,0.022387027419056457,-0.01776249954148485,0.1991722132052301,0.04208279968936847,0.17992990148731258,0.34452886018335094
122,0.2447306408127514,0.15043078852299854,0.02502568083800363,-0.02451860847782017,0.2828664751866997,0.0885091896192432,0.25375182345533354,0.5180587696084259
123,0.05169155270095866,0.11491437300774263,0.00858685512472345,-0.020058829473825906,0.2417785668413433,0.22524186519165626,0.04204712091258479,0.7714290381757678
124,0.094348980809475,0.12260466921567485,0.01288598518110436,0.013608625380524668,0.12880401097055966,0.00018310546875,0.0008677744575853382,0.005454029980960719
125,10.918257987570572,7.788772894479076,1.513612431650228,1.2412908006371988,8.342963424998928,8.399450493921936,0.17212395627474794,6.212853374027752
126,0.4573537430487673,0.33358800383941184,-0.04672764519100673,0.028964783311737956,0.29531313981890117,0.12383401477657457,0.13012774268844782,0.7310156203075595
127,0.000732421875,0.0005830375114301391,-5.163695530486765e-05,4.097924984170571e-05,0.09786431558767618,0.01470997916334895,0.1167432959790294,0.0920864165266042
128,0.0002729575167846423,0.000335693359375,-3.601932958493471e-05,-2.9197355949872467e-05,0.059010517566950416,0.008881454165968947,0.02504046117505208,0.039276490583975025
129,0.2222909775472707,0.13294412948105355,0.02052297391458152,-0.013355379620659401,0.262812024818018,0.06045081609485867,0.09878609450517419,0.4934963806274706
130,0.25324095348391124,0.16369599606162752,0.019767277198635042,-0.020090052113539515,0.3068587156299667,0.09792109339511527,0.31416169659551474,0.6001484867230451
131,0.36335970943995727,0.30568783335530086,0.06148979847809351,-0.007170709086504004,0.08472693764624198,0.010701187960909724,0.20300649318424696,0.3698247242197068
132,2.123599225356393,9.786759721460939,0.26397843900725954,1.7404915025374623,8.003155992728422,8.525079006221993,0.13360791600563493,0.26885263041402596
133,0.3538624658510667,0.23240124787231664,-0.021399720654923134,0.021766405906571085,0.415323550390879,0.2443401360703736,0.1267266389825876,0.2015084811578043
134,0.10264313275796726,0.015382796876975942,-0.010013976036442196,-0.0024476876166163643,0.17710399974579846,0.08387893889369746,0.0474004458342975,0.20067854454946765
135,0.12451448624471097,0.025576734707798095,-0.0071215371989702195,-0.003171232770847622,0.2297057193225301,0.11728924467026527,0.08806774933402861,0.3261164315437021
136,0.1117172801314541,0.08630220554878791,0.008300584728036638,-0.01499105810083518,0.08790910314655066,0.00825132333733593,0.4606789758421295,0.19423650948860915
137,0.15047150455857142,0.12229471561372149,0.01495749844899574,-0.02159046299283694,0.1186079091200225,3.0517578125e-05,0.00016257280225646998,0.2851075496630832
138,0.1435561926107588,0.12163708294566762,-0.013383597251954414,0.02134314055712458,0.1489049709351195,0.018005293506519804,0.2630308635937892,0.23449936587130002
139,0.10962724549506793,0.08555109218323009,-0.0077895029412044375,0.01468787610150458,0.10776993975713497,0.004762698040746925,0.208615285162707,0.1808316252740568
140,0.12705660783922879,0.23559590077762516,0.009803839887407798,-0.04057539747649494,0.012161321891111855,0.05242163145005889,0.08037354485043677,0.36727484212125056
141,0.8964766063644465,3.178550004181311,-0.10254181393967005,-0.5467812490701132,0.008912439119925564,0.025201995466005073,7.732863219186766,7.307604206404524
142,0.08346336124696241,0.1922038087864472,0.007041201274409719,-0.033596188039245946,0.09852397692714711,0.05165948164270456,0.16255382016663625,0.564899004479995
143,0.13189431769908608,0.17270840896962178,0.013917980035431127,-0.003583576735598253,0.13058106162564717,0.07131665492720937,0.28648146963025656,0.6671563835838985
144,0.08513914251410741,0.042969140137721934,-0.005751150678417139,0.005746246009210545,0.12502588436228318,0.05369775783787895,0.03373538267604121,0.3308418512488951
145,0.04704650656797537,0.03343311762389947,-0.0028236417389452895,-0.00030001354070570223,0.09585374540479476,0.026001048199908647,0.1810749697554586,0.19779508185573944
146,0.14849892399459086,0.054647644029028136,-0.0036330032186465138,0.005068873085683061,0.11285128468960917,0.02689014277117234,0.14100650296029218,0.3704341698608366
147,3.8572086193191413,3.6998900581832705,0.4115034901017102,0.0775398059618275,0.04870529939070641,0.02964983357596691,7.819972774511091,1.7886152166426526
148,0.01787111042626442,0.15107946121697238,-0.002638088422920377,-0.00985426211631228,0.09917832117841065,0.1090707634798411,0.1919967146346521,0.4513578692092945
149,0.05569363527933642,0.1545538030700415,0.0013874544967294367,-0.00933698764214427,0.1550572287560332,0.12190840474243497,0.27176873416951225,0.5805701824350966
150,0.0273952680004857,8.631674575031098e-05,0.003692018909443418,4.506469914848267e-06,0.002198325007745606,0.00012582719804741396,0.00021219628577186296,0.012062128249058227
151,0.011663465429662564,6.823937919616058e-05,0.0014836720335764033,7.101762154600261e-06,0.08955413849506022,3.0517578125e-05,0.003979597792365093,0.011603905283907909
152,0.1478339649648014,0.07486830239957089,-0.006336387131091193,0.010352674653423998,0.15878593857004317,0.13515026376951123,0.3790029460634162,0.4862515684178512
153,0.11037142752031749,0.05788393021816168,-0.0007258721251296808,0.0064803730008473285,0.10549949268585192,0.11741530608142325,0.13346177993194136,0.35336454334987305
154,10.899605777292697,7.384071903944011,1.5545823829483219,1.1949888918832106,8.117398593615839,8.619242081746284,0.2949668942136333,5.713218090094789
155,0.10548112937896391,0.23679004797789727,-0.002686005696008252,-0.011636743096760575,0.22353544364367434,0.0917472096273521,0.3310384508141789,0.5435322232252764
156,0.06308593868102082,0.0002516543960948279,-0.004755182878078546,-2.944171045994026e-05,0.13237754338534435,0.08894261104349602,0.0008359759140324068,0.20345222268982213
157,0.045011224207850725,0.059634377471887,-7.114442653990358e-06,0.009769337446803153,0.10875023212216257,0.06813940350916657,0.24171404844243202,0.16883622765680525
158,0.06864414844461555,0.03184853988875796,-0.005701265841053734,0.00491220493245875,0.12755642739125264,0.06967654985732238,0.10226031068675687,0.27155803120341554
159,0.04168325828979939,0.026812779569613303,0.0003980630556536007,0.003414879702253875,0.07894187278936256,0.04633002581243045,0.10377187440845329,0.19201335188825253
160,0.029976713461019832,0.00011003269273266568,-0.001104234736062571,1.7102195131243537e-05,0.029705503927340983,0.09357078131100988,6.394597860046467e-05,0.007081130377086512
161,0.044311691578107305,0.09385758921983689,0.003359398937666558,-0.0012606196670818576,0.21128168988531165,0.10667494406782481,0.14481078795128832,0.36560474323335423
162,0.17405836523339765,0.33848614665361393,0.022267895094747615,-0.054553095835059025,0.105874521678049,0.32232969543033413,0.11841146205627769,0.20756832671092298
163,0.22332957168662465,6.67741760375357,0.029992055967490692,1.1647618870406455,8.431183912702275,8.431288303130236,0.14428156275867451,0.24562503440992586
164,0.08503625534814382,0.08019799471874199,-0.005943676008361976,0.014246138137056896,0.13707754194882887,0.09084106536352213,0.009310084413607278,0.19516390870202271
165,0.05183422997083479,0.048067849706051345,-0.003986772040837625,0.008538004001310412,0.11102160704117583,0.07080852203146648,0.18101498933542887,0.1559461022490744
166,0.10995960675208447,0.17481501245108175,0.0042291088839912835,0.030060717753567674,0.07470239986449925,0.09432189572320823,0.12301861063720822,0.14524321852872038
167,0.22749928302704314,0.00020471813758848173,-0.03753960567595649,2.2214010604172896e-05,0.07992723833846549,0.08835176188036345,0.08068791180425998,0.08691794140336002
168,0.19879813764429466,0.14964804996070877,0.021849908529688412,-0.026031356208210128,0.10728614208046983,0.05452855889148128,0.10868405289808851,0.29608866428043745
169,0.2414623679824289,0.16108260094868698,0.025441069337929632,-0.028193029929811465,0.12750510381436153,0.06782914656138052,0.07996598195280324,0.3637410863213513
170,2.4754034181986326,2.624344426878046,0.21365553402812268,0.036350755021690453,0.004012684387355553,0.06397818651885331,7.635868838414689,7.107012367925839
171,0.14788338483769903,0.17863897792621072,-0.0012877366560302421,0.004155714725308799,0.0021250842722843853,0.037435018843296676,0.13486278855059444,0.45151982369764215
172,0.10151766741193652,0.15314461426744228,-0.004567318489638049,0.020027243837508278,0.27332266882730805,0.1862412560093736,0.33325452176962567,0.9633970205747227
173,0.05538509131419661,0.12415488853759489,-0.0002248918732451168,0.015435483679559688,0.22836845296707678,0.1436956323559848,0.21729441942637645,0.1378595441419214
174,0.18119647987024876,0.09751835146770421,0.013844441077919297,-0.011925332819885814,0.23999978257022883,0.1513644310484907,0.1793027649606604,0.28372326145141974
175,0.27335969635453133,0.10613360831840174,0.026459399657278084,-0.014124771253209401,0.283248623119995,0.1842227974334601,0.28354900345612166,0.5435130320963246
176,0.11037600086315674,0.07446409756041909,-0.018338146982771347,0.011405638379951868,0.034962610918625354,0.0072526615124574945,0.30786477449850147,0.950720560523841
177,1.0917283584305115,0.8308254899736156,0.1391690585259693,-0.023581019281220413,0.006042172202521769,0.027062536777004424,1.4956683235385055,0.9717506037764935
178,2.133821535190732,2.3100694121125804,0.2368954391986715,0.047171616156931565,0.12524988112948443,0.07825392575516756,6.458543102001879,0.9008688659935512
179,0.23898372131288184,0.1867185141749469,-0.034236869097992936,0.0231775523404095,0.062017966128462984,0.07944063230029572,0.1065607359021442,0.2500571021789577
180,0.17084267932827785,0.12170148443011809,-0.025308911510959594,0.015514681943895567,0.050606389863653775,0.04416770821556333,0.038266291549858396,0.07986085771898253
181,0.10085534617372496,0.10432129549026023,0.013678899660135916,-0.018044462906197618,0.023802145882043657,0.07921293447994479,0.15294976472795224,0.23487464575920983
182,0.14928605324386632,0.1424760747209773,0.019123931374277144,-0.02565142857882994,0.08361738441270883,0.08109361219486295,0.20724185219896923,0.4751457707504889
183,0.06474561504112246,0.004920527712784331,0.010554285111437097,0.00015305232653080433,0.07044100277517071,0.06574322178934248,0.00118216385025522,0.11054504783926623
184,0.0737810024869678,0.0019805884691879824,0.012316075097212074,0.0001820165555576345,0.010706234501138794,0.028370139257086226,5.91278076171875e-05,0.19037435656994237
185,1.639166637927147,1.1172071468519735,0.1929332524608074,-0.20176358449408272,8.478267572461204,8.303049388054601,0.29304184250819637,1.2892336760643857
186,0.0843371589010331,0.16381517853470007,-0.0014157276480414136,0.014284014027408922,0.20400202756229405,0.00012582719804741396,0.21047214690480567,1.105496355662384
187,0.08506954310967223,0.1554984256083586,0.007722812943459489,-0.02315886313948151,0.10888221970915686,0.06528844819436651,0.16814444893632197,0.7867141848510301
188,0.11626945753205736,0.15346508419623825,0.0057587432416080775,-0.024984404511657902,0.11564262052895803,0.0853544799952024,0.23917032230826218,0.9189637736656223
189,0.18722304115032196,0.1288728526229739,0.01952549485509569,0.003057268817531403,0.294780046578843,0.17240913796923082,0.13567167983492215,0.24433720875751624
190,0.0,0.0,0.0,0.0,0.00018310546875,6.103515625e-05,0.0003187042018769138,0.3432391716835565
191,0.2233261604604332,0.33847163527523955,0.02428804562664199,0.04273168169752866,0.14697900549269,0.37521237578306893,0.2647870672800515,0.5478664674958305
192,10.980591477801017,10.725634086048942,1.8454712545830831,-1.9334218760300965,7.875187409910863,8.518035277432487,0.2486388264004344,0.24189904169860296
193,0.09661171189982601,0.03785011446203564,0.01623498616656873,0.005429350610904601,0.08172633062070321,0.1128051222821825,0.15486185914054307,0.293440908792052
194,0.13375777553969811,0.04446980813631294,0.02197889560835542,0.0003033616641573361,0.13901996243242332,0.1642206684122085,0.1695357931383685,0.4086722274892516
195,0.07841887040053373,0.07354121518852003,-0.003484959857858321,0.006927359962467796,0.1709040858833942,0.0673255400587477,0.07226213746519627,0.5622696437959742
196,0.09952191645936746,0.07452748108177422,0.003625327977261047,-0.00550110352865386,0.17460187942835928,0.04452890088761835,0.06270793697006782,0.4113510395343986
197,0.1279768529243264,0.07789219501715172,-0.013156217335390432,0.0124355510679006,0.18671854659592152,0.12034184296215573,0.07408292800281743,0.6746333217953999
198,0.07771978193394828,0.05944924480994864,-0.009095372202117548,0.008019000915977688,0.13945510459477903,0.08001604814236894,0.07083468121465473,0.3921105936338919
199,0.37612145839664257,0.21469247217056542,-0.03165678233554507,0.002545387932444995,0.08295131892668435,0.04309795201750785,7.507851336510519,0.5909128416132434
200,0.05694135217166187,0.23128210220275264,0.0036916879625987454,-0.00021187022899113531,0.15170548075549026,0.07253146890346722,0.21515776163119513,0.7722350705421155
201,0.038762129838634404,0.0568612504415519,0.0036954266907277817,-0.00710645557978384,0.19468574096044225,0.15357517514300337,0.17185306820037047,0.4529467429387476
202,0.0001220703125,0.0,-1.0123862129805342e-05,0.0,8.631674575031098e-05,6.103515625e-05,0.0326050164463035,0.00018310546875
203,0.11417183534844162,0.10879763136286738,-0.014264685901765167,0.018613521567926325,0.050897145068256135,0.03959560209381923,0.0004174272900029015,0.05736213742688346
204,0.07998458702653972,0.19874857836415818,-0.011388789911159478,-0.02439848415221119,0.15081752837268356,0.08124201166790741,0.2417026847220724,0.5718960170583893
205,0.2715618654162474,0.09050660147780779,-0.008650691313646843,-0.01464953377876285,0.13448682570482096,0.0338202101410048,0.11899410901521208,0.45740938845563284
206,1.1250952061130708,0.9976357384912901,0.10643107161864555,0.14366892247789328,0.1239857203284998,0.062117958675294994,7.843084076531835,0.40704292163479044
207,0.10821939408047025,0.12840071079921397,0.015394000135572796,-0.021819344447472206,0.126435692568243,0.18106303108356028,0.22514377246237702,0.8733393714662077
208,0.1991686383968446,0.167270016583623,0.03177800331526322,-0.030132621134249804,0.16777462331599252,0.12666617388757523,0.28777204087717717,0.20142338594765533
209,0.2163622167525591,0.16456165900343303,-0.033853753178068505,0.029444412399409925,0.15956075959576968,0.16067298532811056,0.32318889871594586,0.2520405004238084
210,0.09741126803462642,0.13624824216566145,-0.012381388074424711,0.024165179154059725,0.11985183885598552,0.11935234409687374,0.24142062216289972,0.8667354973735578
211,0.21954376246134405,0.10010854150155103,-0.0047288670568249955,0.01570738943619452,0.0446160416874268,0.12128938745525769,0.16431632131204854,0.20922923672172358
212,0.17629476350795975,0.09383921054305212,-0.0005618152319245125,0.015056678039874816,0.010949815900552698,0.10826360633769523,0.1677744984176896,0.12710041891478435
213,0.3988223788139828,0.1940237081804993,0.007372375201011668,-0.031025680034401766,0.1999956670679181,0.22892847832043844,0.3390429931184408,0.3773559483438146
214,1.4119534017233006,1.6937942232538212,-0.19096798463750642,-0.30030858187108317,7.966029001111655,8.646547375062386,0.34275970276936685,0.6024535008646549
215,0.03129699273165852,0.0001220703125,-0.0005464585778788027,-1.9445588000001243e-05,0.12736045707329072,0.06538927908620908,0.07874368514455836,0.06261552624036655
216,0.11754464721596891,0.04111015688516184,-0.01948930180324193,0.007396187310328562,0.13241833158832858,0.05983818517613001,0.11640954977037354,0.27544281512343693
217,0.0611087507968548,0.010867857604548148,0.0099581381442489,0.00185104963962022,0.07737662575150794,0.037041262810121434,0.06920687700728537,0.08889619123411997
